<?xml version="1.0" encoding="utf-8"?>
<Advertisements>
  <Ad>
    <ImageUrl>images/us.jpg</ImageUrl>
    <NavigateUrl>https://www.cia.gov/library/publications/the-world-factbook/geos/us.html</NavigateUrl>
    <AlternateText>Informação dos Estados Unidos</AlternateText>
    <Impressions>1</Impressions>
  </Ad>
  <Ad>
    <ImageUrl>images/france.jpg</ImageUrl>
    <NavigateUrl>https://www.cia.gov/library/publications/the-world-factbook/geos/fr.html</NavigateUrl>
    <AlternateText>Informação da França</AlternateText>
    <Impressions>1</Impressions>
  </Ad>
  <Ad>
    <ImageUrl>images/italy.jpg</ImageUrl>
    <NavigateUrl>https://www.cia.gov/library/publications/the-world-factbook/geos/it.html</NavigateUrl>
    <AlternateText>Informação da Itália</AlternateText>
    <Impressions>1</Impressions>
  </Ad>
</Advertisements>